Centroid_freq,First_quartile,Gender,Interquantile_range,Kurtosis,Max_MFCCs,Mean_Magnitude,Mean_RMS,Mean_freq,Median_freq,Min_RMS,Mode_freq,Root_mean_square,Skewness,Spectral_flatness_measure,Std,Std_MFCCs,Std_RMS,Third_quartile
1.0809120436553579,0.0733330165942486,1,1.0579001926349525,169.24937990681974,210.77349853515625,0.0025148012209683657,0.016834130510687828,0.7993338420076008,0.38914117636896073,0.001796575146727264,0.019618962881058712,0.016834130510687828,11.132721099949807,2.5222561816917732e-05,0.9964466513205614,99.01448822021484,0.019451260566711426,1.131233209229201
1.0752539409597948,0.11225,1,1.24375,109.33613880574906,239.32806396484375,0.0025827528443187475,0.016529351472854614,0.9264041890589019,0.5745,0.0018689456628635526,0.01725,0.016529351472854614,8.663482124435992,7.507778263970977e-06,1.0033449780266477,104.85977172851562,0.01672794297337532,1.356
1.1886344290816797,0.12344788975560324,1,1.9681317753326284,223.62915125422487,224.03250122070312,0.0023727507796138525,0.015104446560144424,1.118610835653714,0.48772261248694193,0.0018012917134910822,0.016551672369466357,0.015104446560144424,11.78837830753461,4.365467975731008e-05,1.1928399782675043,103.26834106445312,0.012596067041158676,2.0915796650882315
1.0394696115410251,0.09839940499226006,1,1.1677262722523218,118.14615163182414,219.18508911132812,0.0020662734750658274,0.01293934416025877,0.900870720940582,0.4874637190402476,0.0018973838305100799,0.04799970975232198,0.01293934416025877,9.0892691239756,4.571596218738705e-05,1.0332592395336513,107.02225494384766,0.011266152374446392,1.266125677244582
1.084815333800371,0.17966666666666667,1,1.3336666666666666,104.0433472097266,231.74655151367188,0.0028230552561581135,0.014253043569624424,1.021226526131579,0.6623333333333332,0.0018897763220593333,0.017666666666666664,0.014253043569624424,8.12869842224239,1.8510030713514425e-05,1.046034277044502,103.368408203125,0.011550425551831722,1.5133333333333332
1.1525296481238945,0.20589375393839865,1,1.6357816647253143,108.15342872483389,250.3492431640625,0.0019621981773525476,0.011980252340435982,1.1980778529041662,0.7776804980045445,0.0017705595819279552,0.022736733563749546,0.011980252340435982,8.300788299269106,1.274553233088227e-05,1.1436816305225574,109.58670043945312,0.00840013287961483,1.8416754186637132
1.1235926209517526,0.16755555555555554,1,1.4051111111111108,179.94920689376585,228.73574829101562,0.002133790170773864,0.011687440797686577,1.025563431104096,0.5262222222222221,0.0018619054462760687,0.01933333333333333,0.011687440797686577,10.758468391196644,2.908825990743935e-05,1.1041306274921792,105.30721282958984,0.010220264084637165,1.5726666666666664
1.0975248866998073,0.18825495584511825,1,1.1376999320694126,100.67070490832106,222.65184020996094,0.0022959404159337282,0.011481238529086113,0.9462460403898422,0.5295308929784475,0.0018686793046072125,0.019404217871919965,0.011481238529086113,7.995138805693639,5.092274659546092e-05,1.0120155985602757,106.53987884521484,0.009927826933562756,1.3259548879145309
1.1371676980948142,0.14857060352295698,1,1.6235011883871253,156.81499900808637,225.00216674804688,0.0016601206734776497,0.011121915653347969,1.0786445626508865,0.5348541726826451,0.0019483730429783463,0.013877473955441037,0.011121915653347969,10.033042423119799,2.0797961042262614e-05,1.1655127167757298,108.6328353881836,0.009242502972483635,1.7720717919100824
1.1540200781768362,0.21565132346909802,1,1.4335595639965926,97.8868927081063,233.62265014648438,0.0021991184912621975,0.010860858485102654,1.0721472006786634,0.6182584313972931,0.0017607563640922308,0.018086885194182414,0.010860858485102654,7.583603465875321,1.0421731531096157e-05,1.067419998251184,109.81526947021484,0.008657119236886501,1.6492108874656906
1.059955119656768,0.3995,1,0.85575,72.18252779297704,253.3316650390625,0.0016941619105637074,0.005880515091121197,0.904292782107396,0.61725,0.0003927566285710782,0.619,0.005880515091121197,7.167457486530364,8.959349361248314e-05,0.7273493830994391,128.32923889160156,0.007524516433477402,1.25525
1.1502139491813703,0.5005116564645469,1,1.2746637021601206,35.0794955298837,258.6143798828125,0.0013310933718457818,0.005389811936765909,1.2169624873615998,0.8523057100861444,0.00037730459007434547,0.3302556421753773,0.005389811936765909,4.962115813490619,4.968834400642663e-05,0.900093842383442,126.41522216796875,0.00795043632388115,1.7751753586246675
1.104227545243399,0.39036363636363636,1,1.0734545454545454,45.54276324917324,253.16217041015625,0.002207348821684718,0.007237076293677092,1.0172986853999815,0.6645454545454547,0.0003918968723155558,0.38872727272727275,0.007237076293677092,5.671389002495909,5.513901123777032e-05,0.8445822130738709,125.33137512207031,0.008053235709667206,1.4638181818181817
1.0893070567723466,0.4351984210488125,1,0.9094367004564157,46.46773662832366,263.3023376464844,0.0017944577848538756,0.007507476955652237,0.9790259129051182,0.679677534049763,0.00038148314342834055,0.3510387263901083,0.007507476955652237,5.6803009019853485,7.166087016230449e-05,0.7515670115362821,126.70478057861328,0.008387932553887367,1.3446351215052281
1.0626153122095936,0.41066489292779207,1,0.8828533296476421,61.259495686721166,235.7415313720703,0.0021858864929527044,0.007689096033573151,0.9419164526265577,0.6196163713794562,0.00036951707443222404,0.40723633630780126,0.007689096033573151,6.383900680449906,0.00010259145346935838,0.7720961786739057,122.99481964111328,0.009542981162667274,1.2935182225754343
1.0786414449656192,0.44964465975905155,1,0.9275244629880592,103.86094437680131,219.57086181640625,0.002274072729051113,0.0072948746383190155,0.9568396525736285,0.6948198222231707,0.00038403525832109153,0.46352693863177996,0.0072948746383190155,8.029738986840407,8.020226960070431e-05,0.7285224244240197,120.99037170410156,0.009560484439134598,1.3771691227471108
1.1280516294336478,0.4188553337422147,1,1.0291384121005847,129.2523903287424,212.333740234375,0.0012415266828611493,0.005422178190201521,1.039379320553021,0.7363777718269222,0.0003775011282414198,0.4135220234444511,0.005422178190201521,8.398964238475882,0.00010326866322429851,0.7714735140777755,123.01009368896484,0.008725788444280624,1.4479937458427994
1.089473606567162,0.38742689805896524,1,0.8497106156543973,55.599987543742245,251.0082550048828,0.0018522171303629875,0.006309892516583204,0.8951174650731587,0.528759620949699,0.0003647527191787958,0.4121886958700102,0.006309892516583204,6.597739060826636,8.803924720268697e-05,0.801995996142955,128.47254943847656,0.007426847238093615,1.2371375137133624
1.1666335245608233,0.4448448167815561,1,1.0504155809888187,30.957860258307868,262.87799072265625,0.0015341764083132148,0.005149653181433678,1.0244202045630502,0.7585391998416834,0.0003805906744673848,0.22302846399947224,0.005149653181433678,4.515280977008225,9.447018237551674e-05,0.7839891605678789,131.30714416503906,0.007062769960612059,1.4952603977703747
1.091040327327004,0.40330275735874055,1,1.255299397419314,102.65344095292228,227.02731323242188,0.0022606595885008574,0.008180953562259674,1.0168941080596348,0.6170410448938385,0.00038338222657330334,0.3980853866296495,0.008180953562259674,8.05815927523928,6.307548756012693e-05,0.8304162282798687,120.71743774414062,0.011527178809046745,1.6586021547780547
1.5209650870864595,0.42044456579469036,1,1.6397173121086766,63.3493993075217,189.5868682861328,0.013634687289595604,0.037011027336120605,1.6206990907804257,0.7567672294492112,0.0,0.37046625922906024,0.037011027336120605,6.591629967447136,0.00425394531339407,1.882084949392209,84.90750885009766,0.026995379477739334,2.060161877903367
2.3789983054505224,0.667675144909841,1,2.134945120618968,25.84357389592247,151.07632446289062,0.0002628493821248412,0.06912434101104736,2.2273065761999913,1.9379866207410645,0.0,0.3851318004806766,0.06912434101104736,4.027409130747094,0.003571904730051756,1.7730494047745722,65.22003173828125,0.04270394891500473,2.802620265528809
0.7023685289286444,0.29158885808966045,1,0.7472395323148745,96.61205156998835,263.38043212890625,0.05351860821247101,0.14215302467346191,0.863767769632666,0.6151169212813405,0.0336618535220623,0.05009170296575728,0.14215302467346191,7.526994483897786,3.1919992125040153e-06,0.7630001109290682,81.65167236328125,0.10216160863637924,1.038828390404535
0.8265528080922643,0.33697916666666666,1,1.0244791666666668,63.15071971873037,245.69422912597656,0.03301315754652023,0.17033635079860687,0.9526119043727486,0.6625,0.03183528035879135,0.05,0.17033635079860687,6.111654432838953,5.825508196721785e-06,0.820266459265461,75.63484954833984,0.1300675868988037,1.3614583333333334
0.6609578026517237,0.28291766313631705,1,0.6099888964810385,96.02395485668059,250.75210571289062,0.06819511950016022,0.17400552332401276,0.7900127993402748,0.5560001708233686,0.03381118178367615,0.05001281175264776,0.17400552332401276,7.195651933182468,8.213552291636006e-07,0.7100606592378933,76.72277069091797,0.12027710676193237,0.8929065596173555
0.6849862118294232,0.28523607068230405,1,0.9143001219909898,89.62627280865887,259.1703796386719,0.061232831329107285,0.15673500299453735,0.8760266541232827,0.5947078859323855,0.033616382628679276,0.05006945031584796,0.15673500299453735,7.333139731804194,4.143321348237805e-06,0.771529917032305,79.78399658203125,0.1095040813088417,1.1995361926732937
0.6198224821991002,0.28550239754568624,1,0.4655393571920331,126.3491815590751,249.92083740234375,0.059889841824769974,0.16792938113212585,0.7237492096723059,0.5220006522290532,0.034064777195453644,0.05006945031584796,0.16792938113212585,8.179017623531916,3.2139346330950502e-06,0.6769170618629342,78.28095245361328,0.12098656594753265,0.7510417547377193
0.6412063134868702,0.24967678958785244,1,0.5419229934924077,162.552024062426,268.7987060546875,0.038239736109972,0.1296214461326599,0.6950158169762268,0.4601323210412147,0.03478705883026123,0.04998318872017353,0.1296214461326599,8.483066782446661,6.830192887719022e-06,0.7291431947964888,81.58148193359375,0.09234243631362915,0.7915997830802601
0.6769235366098918,0.28659325700220045,1,0.6552171521276994,221.85748731702913,262.7547607421875,0.039558570832014084,0.12233991920948029,0.821197076791446,0.6223226606496849,0.033034179359674454,0.049958508932234365,0.12233991920948029,9.15111785641522,7.015387382125482e-06,0.7464589674840731,82.81253814697266,0.09528112411499023,0.9418104091298998
0.5080214857671619,0.3867003243599846,1,0.6408638604335795,102.68426889956424,250.84393310546875,0.0417674258351326,0.11727659404277802,0.8275536123298397,0.6695532261906944,0.0331939235329628,0.050105371181440005,0.11727659404277802,7.451411286440733,2.1225339423835976e-06,0.6648990628504017,86.78971099853516,0.08401598781347275,1.027564184793564
0.6884917719534699,0.2665931902455521,1,0.5837884845337167,55.37431577543852,244.59326171875,0.04978320375084877,0.1642438918352127,0.7402382632763114,0.5670098921406399,0.03313286229968071,0.05006945031584796,0.1642438918352127,6.144611905660215,2.6816962872544536e-06,0.6911421799880807,74.34455108642578,0.1308688372373581,0.8503816747792687
0.7020854668686971,0.3441991101223582,1,0.6829477196885427,62.01914908654814,265.35699462890625,0.06631123274564743,0.17605654895305634,0.816728515400989,0.6082758620689656,0.031884584575891495,0.05014460511679644,0.17605654895305634,6.605628643950842,1.9000658539880533e-06,0.6736232554693657,78.494384765625,0.1244964525103569,1.027146829810901
1.5677025263160531,0.46801861963310676,1,1.6872922968142354,51.76144638830251,197.1133270263672,0.013372624292969704,0.04107397794723511,1.5495178232730755,0.8933063597438818,0.0,0.4778351730368857,0.04107397794723511,5.8755272951665,0.007228879723697901,1.5713805121858686,84.70172882080078,0.038431089371442795,2.155310916447342
0.5486568717795454,0.24143533592572614,1,0.7087163004446762,156.3671064866737,229.31663513183594,0.0023173775989562273,0.013685831800103188,0.7637197268108824,0.45066561854615145,0.0038533713668584824,0.06010242432135748,0.013685831800103188,8.21678589388343,4.456240276340395e-06,0.8071541696624509,123.66443634033203,0.015183279290795326,0.9501516363704022
0.43979787049450303,0.22345454545454546,1,1.3361818181818181,1526.4202175268458,268.7814025878906,0.0032485551200807095,0.013821792788803577,0.9439896579883602,0.5127272727272727,0.006152291316539049,0.06,0.013821792788803577,21.617862338260775,2.757124661911803e-07,0.948339711263702,132.61148071289062,0.010970456525683403,1.5596363636363637
0.5197924452311468,0.24775,1,0.8075,231.20420775226356,253.83636474609375,0.00449046865105629,0.0173417329788208,0.8230005788949736,0.53275,0.005865584127604961,0.06,0.0173417329788208,9.743802023092089,4.545768206298817e-06,0.7907318682839429,125.21762084960938,0.01676175929605961,1.05525
0.3774679282938407,0.03199989250057109,1,0.5542203603918353,308.8541475796896,210.9796905517578,0.0018636650638654828,0.017097655683755875,0.5439423685019932,0.17007350273451668,0.005943478550761938,0.059999798438570784,0.017097655683755875,15.086537169395212,2.1955002011964098e-06,0.8594621561891952,104.29705047607422,0.034190285950899124,0.5862202528924064
0.49056541328871317,0.06222184597523219,1,0.5231968363003096,166.1185204702718,255.3712158203125,0.004117913078516722,0.021993137896060944,0.49529712844258406,0.21617647058823528,0.005771370138972998,0.011377708978328172,0.021993137896060944,10.874794360867504,2.661940243342542e-06,0.7122977614646608,112.38383483886719,0.03496652469038963,0.5854186822755417
0.49657872261337255,0.11416931600858449,1,0.587931299540644,169.47772668253435,258.7564697265625,0.003541412763297558,0.01492264587432146,0.546642546085904,0.29789784711503575,0.005872993730008602,0.0600677042657992,0.01492264587432146,8.639996108079286,1.581606852596451e-06,0.668789620677757,120.05509948730469,0.018703442066907883,0.7021006155492285
0.532666576968633,0.2242046067687499,1,0.8543569873667368,107.69521774386449,221.620361328125,0.0040509323589503765,0.01885632611811161,0.7783018445197769,0.5819473645040654,0.005941384471952915,0.06010242432135748,0.01885632611811161,7.756318497528482,1.1596273452596506e-06,0.7723721726666715,111.51541900634766,0.022435320541262627,1.0785615941354867
0.5681972445616971,0.19111083596323516,1,0.8170146967358505,239.21578220149667,240.82611083984375,0.004995994735509157,0.01872740127146244,0.7655458993025791,0.4793643892101081,0.006102152168750763,0.05993642164428371,0.01872740127146244,9.676008109184739,3.784961336350534e-06,0.8419527289451619,109.41474914550781,0.018563034012913704,1.0081255326990857
0.522602674062483,0.09192405635191195,1,0.6584117139688668,149.47846757798212,211.7849884033203,0.005158461630344391,0.022483162581920624,0.6053105212300571,0.2902626606974166,0.005975665058940649,0.059924220643200396,0.022483162581920624,9.481941016700771,2.6013330511887034e-07,0.7819906442691651,106.35657501220703,0.022294066846370697,0.7503357703207788
1.7914004979184652,0.49975648187938687,1,2.422450222031228,127.93140924777322,190.6219940185547,0.010490653105080128,0.030826129019260406,1.789894642042856,1.19902950866638,0.0,0.20583369144821656,0.030826129019260406,8.849542646397865,0.004707318264991045,1.5934668681635258,87.61254119873047,0.027782339602708817,2.9222067039106148
1.002389425663808,0.4922636900154798,1,2.1005206317724454,32.70895168661568,243.9398193359375,0.009023823775351048,0.041855987161397934,1.533766792509981,1.5343907217492259,0.0015084035694599152,0.495197005611455,0.041855987161397934,4.518102728714588,9.33401952352142e-06,1.0798465126327725,103.78385925292969,0.05275886133313179,2.592784321787925
0.8293109977667397,0.4891738606169901,1,1.9482248994269735,27.072913473955218,239.22784423828125,0.0068451776169240475,0.024355677887797356,1.3628222231310498,0.8882305549923702,0.001844591461122036,0.05999967987365679,0.024355677887797356,4.225626721487415,8.900111083676165e-07,1.040850966130093,115.3824234008789,0.025453627109527588,2.4373987600439637
0.9548008807511206,0.6114206489063957,1,1.4114102829895305,14.661990966752382,258.27484130859375,0.009343461133539677,0.052888236939907074,1.3254233774451223,1.1199854877163884,0.0015459107235074043,0.6358012853736913,0.052888236939907074,3.0290430877841987,7.216384801722597e-06,0.8834864754499149,108.22638702392578,0.05102846026420593,2.022830931895926
1.017616399578101,0.6319975076505663,1,1.4768637410480487,22.016040792864214,275.43194580078125,0.008938183076679707,0.05292573571205139,1.3611894510937346,1.0991261002618544,0.001659116824157536,0.6125193235952929,0.05292573571205139,3.6837800775584397,1.0090156138176098e-05,0.8927301334020977,103.11839294433594,0.05051298812031746,2.1088612486986147
1.0103966328453418,0.4807233088162538,1,1.8729542531086112,25.52938967221388,247.121826171875,0.009007470682263374,0.053672775626182556,1.383956870313363,0.9827797750585441,0.0013665460282936692,0.5209654012335498,0.053672775626182556,3.8668034314931257,1.970989615074359e-06,1.01800564513307,102.99991607666016,0.05850600451231003,2.353677561924865
1.0190385245733782,0.5083415397692523,1,1.9458235288019987,23.959044509352555,252.81277465820312,0.005386346019804478,0.028390657156705856,1.4517119569130204,1.2402253573686886,0.001993695041164756,0.5266272066674269,0.028390657156705856,3.7306443386821666,2.0966663214494474e-06,1.050054867379843,111.08207702636719,0.030748242512345314,2.454165068571251
0.7971124077996525,0.4491428571428571,1,1.7492857142857139,47.72139421201493,242.6068115234375,0.004490276332944632,0.01666933111846447,1.2523598656766515,0.8064285714285714,0.0016470731934532523,0.06,0.01666933111846447,5.250674909550538,2.3467614482797217e-06,1.014214227057354,121.48518371582031,0.017232785001397133,2.198428571428571
0.970774703299069,0.5791181077278399,1,1.2799915049510204,29.011678146480776,269.2735900878906,0.0065271141938865185,0.03930400311946869,1.2730982910459416,1.005846982930261,0.0018827349413186312,0.8173604289999733,0.03930400311946869,4.030337405350497,2.852175384759903e-06,0.8968101947733215,102.76957702636719,0.0407736599445343,1.8591096126788604
0.8363092650858787,0.49728886756237994,1,1.8260591732596785,19.735427732674687,228.7822265625,0.0049253590404987335,0.021042300388216972,1.439510046642453,1.2322544590609052,0.001598560018464923,0.43457937362483023,0.021042300388216972,3.4791008514369155,2.5470023956586374e-06,1.0052755520179641,118.81626892089844,0.026356834918260574,2.3233480408220584
0.8007015058333067,0.6095984202178938,1,1.4546248017497851,23.06775765234998,239.9649658203125,0.003689336823299527,0.020810483023524284,1.385899056030366,1.2228539738154227,0.001651669736020267,0.23039940291699926,0.020810483023524284,3.878062677163618,8.694376447238028e-06,0.9253901695224439,118.8499755859375,0.03169851377606392,2.064223221967679
2.297587903528891,0.608307997491411,1,2.6847020368653545,40.4246384638059,162.94874572753906,0.000522094895131886,0.06794071942567825,2.2528522490293743,1.89466822544582,3.76558837444918e-08,0.3571385722855429,0.06794071942567825,5.071221187438514,0.0037378675770014524,1.737463154408021,66.3311996459961,0.032013457268476486,3.293010034356765
0.7679301323322878,0.27526657997399223,1,0.6387979872222536,211.26758691148285,221.304443359375,0.08237659186124802,0.1746547520160675,0.8077691296087988,0.567737321196359,0.013678321614861488,0.27027986656866626,0.1746547520160675,11.836302402310682,9.74394515651511e-06,0.7544314936762231,69.95673370361328,0.16281944513320923,0.9140645671962458
0.7577753135008151,0.2705978982968958,1,0.6405393163425535,210.06756432960856,220.42291259765625,0.0775970071554184,0.1895999014377594,0.7879985348547239,0.5182908563836212,0.013714231550693512,0.2612761203043846,0.1895999014377594,12.091812316703349,9.50008961808635e-06,0.7821582439495339,69.93301391601562,0.18658246099948883,0.9111372146394492
0.8564999454338628,0.2728515625,1,0.61640625,191.80274667222727,227.40164184570312,0.06736181676387787,0.1428050696849823,0.841972788324131,0.54453125,0.01291134674102068,0.26640625,0.1428050696849823,11.397080685045882,1.0524358003749512e-05,0.80808592573325,70.5087661743164,0.14967888593673706,0.8892578125
0.7601714389818333,0.2686957264470574,1,0.7052216496312955,191.3143540305389,226.22894287109375,0.08034473657608032,0.16254575550556183,0.8313398277135836,0.6746690203000881,0.015280182473361492,0.25969734931526345,0.16254575550556183,11.330372825965945,5.104967385705095e-06,0.7487410431139999,68.0097427368164,0.15757672488689423,0.973917376078353
0.7787016085919504,0.272750282335747,1,0.7637593835115924,141.35527554183847,224.14633178710938,0.06812669336795807,0.1823539137840271,0.8475677530093232,0.5589769481166545,0.03134665638208389,0.29120706835846677,0.1823539137840271,9.99258440824441,1.844814141804818e-05,0.8239666842822487,64.42994689941406,0.19247344136238098,1.0365096658473394
0.825507459383765,0.309102274806367,1,0.7471092272976764,85.35340853057107,234.59600830078125,0.04205148667097092,0.16639791429042816,0.8879889801264462,0.6777581264865523,0.03447455167770386,0.30948649143135937,0.16639791429042816,7.558729381263914,2.9149045985832345e-06,0.7787081543955874,63.607200622558594,0.16100472211837769,1.0562115021040432
0.7966460508554637,0.27765924617903465,1,0.6220398769061967,132.41187635095943,230.17361450195312,0.07976460456848145,0.20718394219875336,0.804722391594171,0.5473799706837879,0.03746730834245682,0.2708547990296505,0.20718394219875336,9.613668657556195,1.5772970982652623e-06,0.793041796863407,60.8728141784668,0.163158118724823,0.8996991230852314
0.9431816124008517,0.30885969337200714,1,0.9470373106094728,102.35733757246729,240.8821563720703,0.06979184597730637,0.2047164887189865,0.9817453982077555,0.677306465851154,0.029005838558077812,0.2673473615940332,0.2047164887189865,8.082808223039462,3.878550614899723e-06,0.889809011750651,62.48357391357422,0.18138454854488373,1.2558970039814799
0.8305441735848652,0.3132294125065307,1,0.7615228709892446,127.54184030434367,234.51473999023438,0.0727277398109436,0.17589060962200165,0.8783308104415416,0.7059082638225809,0.01698368415236473,0.26555974922081904,0.17589060962200165,8.744598868357045,1.9324226741446182e-05,0.765365953863609,66.88221740722656,0.16909624636173248,1.0747522834957755
0.8354787498489826,0.30450097434642864,1,0.7403261318868576,78.29370025090022,245.87515258789062,0.044000640511512756,0.13469308614730835,0.844884711000465,0.6205346673302907,0.011982101947069168,0.27418108502543426,0.13469308614730835,7.549567242501812,5.690484158549225e-06,0.7344306936836191,70.94648742675781,0.12589280307292938,1.0448271062332863
2.3736733528687037,0.6008826831218954,1,2.9411540916728423,53.04132931740554,150.46176147460938,0.00037969546974636614,0.06575243920087814,2.3304085947987123,2.062156887202929,0.0,0.39719089581697714,0.06575243920087814,5.769904603707294,0.004112348426133394,1.786793764848806,67.39647674560547,0.04845549911260605,3.5420367747947377
1.7752143352448453,0.40746109246261825,1,1.698477265791883,45.973420305544316,182.14251708984375,0.013106863014400005,0.048435769975185394,1.476606272997534,0.8360054928288069,0.0,0.3956484589563625,0.048435769975185394,5.504402407594915,0.004062618128955364,1.445453847890706,82.04785919189453,0.04313896596431732,2.1059383582545013
2.526411490312963,0.6613179701250759,1,2.05058371364932,30.887376348534488,134.9843292236328,0.00021260188077576458,0.05981670692563057,2.2941434539885712,1.7229299387860002,2.2078124857216608e-06,0.6491254030311054,0.05981670692563057,4.450439694067495,0.004339579027146101,2.013097780695487,69.01115417480469,0.028855357319116592,2.711901683774396
2.652462219614815,1.4304196452657136,1,1.8720739479363366,12.744666974596127,145.06631469726562,0.0004100911319255829,0.06663993000984192,2.6035722031923707,2.5764406865389806,0.0,2.731217966010251,0.06663993000984192,2.75742966413408,0.0037632598541677,1.567548791130745,72.05555725097656,0.06076930835843086,3.3024935932020503
2.7331008072706164,1.051747088186356,1,3.359022415823815,26.037782879757753,142.25,0.00032368654501624405,0.06991371512413025,2.827911842166438,2.4650236497223728,4.911255083173138e-11,0.5297210641440295,0.06991371512413025,3.8447417732605347,0.00387014402076602,2.047821774812681,65.80807495117188,0.04978012293577194,4.410769504010171
1.056055276121525,0.11510882501442585,0,1.4739496177149454,352.81504775458967,203.30255126953125,0.016602864488959312,0.0942797064781189,1.4779498920616392,0.28886549697057123,0.003008191240951419,0.00477135025966532,0.0942797064781189,15.391215646585085,0.0009691319428384304,2.382786576495884,81.47174072265625,0.03797266259789467,1.589058442729371
1.0350843284315585,0.12392026578073088,0,1.3671096345514948,821.5790031139286,201.14866638183594,0.01939024031162262,0.12573152780532837,1.3501637366811192,0.31877076411960126,0.004532468039542437,0.0036544850498338864,0.12573152780532837,21.212239144615378,0.0010514649329707026,2.1679847575427793,76.68045043945312,0.049722544848918915,1.4910299003322256
1.3138995849570192,0.12943430039590742,0,1.47901873474202,376.82246674878826,193.12255859375,0.02462512068450451,0.12671953439712524,1.4067159289042002,0.30342464500909766,0.004624257329851389,0.004233832255940898,0.12671953439712524,15.493410162395673,0.0021050639916211367,2.281181060400676,73.78997802734375,0.06247207894921303,1.6084530351379276
1.090344314818827,0.1322992700729927,0,1.3664233576642337,394.1111401401025,192.8673553466797,0.028134755790233612,0.13965193927288055,1.3503059707472154,0.3208029197080292,0.0010956695768982172,0.003832116788321168,0.13965193927288055,15.793904721158627,0.0008263261988759041,2.1379892456112204,72.79306030273438,0.05542642995715141,1.4987226277372263
0.8700223557632782,0.10522479530634592,0,0.9214376767065976,2309.54723850425,201.43148803710938,0.01796398125588894,0.17269502580165863,1.1424378244682856,0.23549453333115428,0.022323982790112495,0.0034234094363365967,0.17269502580165863,36.11331965082702,0.0004270703357178718,1.9913293131243845,74.20252227783203,0.06987736374139786,1.0266624720129434
0.996568445110321,0.2670541050437353,0,1.5501065345594154,115.76304674588214,274.8853759765625,0.0006541528273373842,0.0024357838556170464,1.0863937502708438,0.6314171405200735,0.0003728466108441353,0.0,0.0024357838556170464,7.448143823075717,5.02829352626577e-05,1.0757197652916735,146.16806030273438,0.002030767500400543,1.8171606396031508
1.0419743309844072,0.3445151210149337,0,1.7496722999859553,77.14231403544149,259.16156005859375,0.0006667572306469083,0.0027118707075715065,1.235964556612641,0.7909654276485183,0.00033402410917915404,0.0,0.0027118707075715065,6.2150831472739485,2.4362254407606088e-05,1.0598765669209709,143.14710998535156,0.002726492239162326,2.094187421000889
1.0073878368466471,0.3254100284912445,0,1.8543430473893694,113.5036347034116,285.83087158203125,0.0006894705584272742,0.003075996180996299,1.2286011958551968,0.8131721319347368,0.000363458733772859,0.0,0.003075996180996299,6.80634625770322,3.599104093154892e-05,1.0734278302460474,145.7310028076172,0.0033536364790052176,2.1797530758806136
1.0836107466204434,0.34223875831743017,0,1.2292755400433921,45.42020096528396,243.7919921875,0.0006704216939397156,0.0033335108309984207,1.0574384221064759,0.6524776327342123,0.00043218390783295035,0.0,0.0033335108309984207,5.214544335008972,5.8474310208112e-05,0.9585602210931113,135.90562438964844,0.003986925818026066,1.5715142983608223
1.0248520373102619,0.2704758010642464,0,1.3625377208541618,45.08052051604064,266.2947082519531,0.0008222128381021321,0.0034807920455932617,1.047292578754345,0.6424117735136257,0.00039359086076729,0.0,0.0034807920455932617,5.34580741697342,2.7025989766116254e-05,0.9965404221396907,131.90829467773438,0.004095273558050394,1.633013521918408
0.9043228436414131,0.42886787393128684,0,0.9819091712149416,42.324666271824576,267.7099609375,0.0007714887615293264,0.003959557507187128,1.0282520883643607,0.7005189765592957,0.0004652143397834152,0.0,0.003959557507187128,5.10782454959178,1.894748493214138e-05,0.8986225774287926,137.36619567871094,0.004217682871967554,1.4107770451462285
1.0617490458621532,0.4171577751837714,0,1.2295603684891316,33.35743236170914,259.0804443359375,0.000703889993019402,0.003422126406803727,1.110487165058093,0.7484028456951762,0.00039708122494630516,0.0,0.003422126406803727,4.502461070897889,1.780987440724857e-05,0.9335474108229477,137.45693969726562,0.004049836192280054,1.6467181436729028
0.9823352548203448,0.3794061328424192,0,1.2305143847673308,62.346028138430114,235.90057373046875,0.0006244347314350307,0.0030461354181170464,1.0597994056327198,0.6465163466319084,0.0004015112353954464,0.0,0.0030461354181170464,5.799729799143212,1.7420356016373262e-05,0.9397058084063072,137.54953002929688,0.0031794917304068804,1.60992051760975
1.0345690030010561,0.37547678013692143,0,1.6274718427611445,49.70086590137794,235.40267944335938,0.0008674584678374231,0.004063708242028952,1.1946824996950782,0.7405188188156607,0.0003385415766388178,0.0,0.004063708242028952,5.458253343131569,4.138877920922823e-05,1.0280413044168362,133.98104858398438,0.004801273345947266,2.002948622898066
1.0340220817089043,0.4101538461538462,0,1.6973846153846153,32.02603580647528,253.5973663330078,0.0008594322134740651,0.003838673699647188,1.248784972813013,0.8303076923076924,0.00045605769264511764,0.0004615384615384616,0.003838673699647188,4.229405160421053,1.616704321349971e-05,1.0139094811492728,135.0669708251953,0.004538137000054121,2.1075384615384616
1.6264555403642862,0.4649327251608745,0,1.08951665550365,75.73825837201656,227.41403198242188,0.012035025283694267,0.035289499908685684,1.453821345561576,0.7350685465752147,0.0,0.4868053141612052,0.035289499908685684,7.185780526554703,0.0052711633034050465,1.6234858997182475,92.04151153564453,0.04612811282277107,1.5544493806645243
1.1343100031157887,0.40575558361269537,0,1.1263877399973878,40.61031477529998,287.33489990234375,0.018672125414013863,0.07896333187818527,1.058229565693817,0.7894314075493056,0.00071007723454386,0.3747159214593582,0.07896333187818527,4.9583316225017064,6.3974284785217606e-06,0.8048762705390814,88.25946807861328,0.08277929574251175,1.5321433236100832
1.0348909774730333,0.3368,0,1.6884000000000001,75.90154673109073,269.2261657714844,0.01890241540968418,0.07236311584711075,1.1542602532800865,0.6268,0.0007015554583631456,0.1092,0.07236311584711075,7.210317446544394,1.8202299543190747e-05,1.0043656292918002,91.54940795898438,0.0700499638915062,2.0252
1.0691351075176347,0.3545342323926836,0,1.0950171228330987,38.636915464432825,287.0198974609375,0.011094218119978905,0.04659072682261467,0.9602629149795475,0.6437030449441185,0.0007014949223957956,0.09814569008999442,0.04659072682261467,5.059559985580113,3.394062332517933e-06,0.8104508492123991,92.05433654785156,0.044345006346702576,1.4495513552257824
1.1072093047190554,0.41786413989938076,0,1.3325252757352941,37.35881400098431,271.232666015625,0.014845444820821285,0.06567646563053131,1.1254839626665534,0.7578620839783281,0.0007270091446116567,0.20906540247678018,0.06567646563053131,4.985467725930192,3.578048927010968e-05,0.8834571434161549,89.02506256103516,0.07144846767187119,1.7503894156346749
0.9115134040800371,0.4141110186311543,0,0.8376336513221077,68.91024044765419,290.25482177734375,0.013678120449185371,0.06288719177246094,0.9292109517118955,0.7402234458031883,0.0007155280909501016,0.10682181957871822,0.06288719177246094,6.6597300608058765,1.5809544493095018e-05,0.7217702404779306,95.9585189819336,0.057338688522577286,1.251744669953262
1.0918034719654461,0.3468082602812261,0,1.5197726069306348,48.380591005063266,284.67724609375,0.01510309986770153,0.05328559875488281,1.1316523054715752,0.6564276048714479,0.0006884046015329659,0.1022695181502618,0.05328559875488281,5.451321016129517,1.813607377698645e-05,0.9670770518757306,92.68040466308594,0.04862473905086517,1.8665808672118607
1.0465691090705875,0.3492160141338297,0,1.2013865665520396,40.937340112845924,256.1240234375,0.021005606278777122,0.08187656104564667,1.01513959098401,0.641736599678203,0.0007288097986020148,0.31373789317601036,0.08187656104564667,5.513231790878846,1.6184385458473116e-05,0.8855218709596478,84.17765045166016,0.06300635635852814,1.5506025806858692
1.118524833180886,0.372,0,1.2824,37.48240105235289,288.0805358886719,0.015539342537522316,0.06469894200563431,1.0979435312367376,0.7584000000000001,0.0008203039760701358,0.112,0.06469894200563431,4.759152855278429,6.875722647237126e-06,0.8713163701363951,92.0660171508789,0.057649582624435425,1.6544
0.9133838052321794,0.41599656980771127,0,0.6593885022593092,31.921997188524845,286.50543212890625,0.017879875376820564,0.08044780045747757,0.8905170321493248,0.703024506085293,0.000763339048717171,0.10593852039974933,0.08044780045747757,4.746556154202783,1.0509319508855697e-05,0.7051937403305331,91.54998779296875,0.06717272847890854,1.0753850720670204
1.1449692390033173,0.3371111111111111,0,1.4375555555555555,54.87913940262237,278.2978515625,0.017160434275865555,0.05979692190885544,1.0483187627649841,0.5935555555555555,0.0007499555358663201,0.1151111111111111,0.05979692190885544,6.245096948748761,7.966851626406424e-06,0.9425903395500336,89.63528442382812,0.06458503007888794,1.7746666666666666
2.322933283847153,0.62373433294653,0,3.085046811302757,39.247621433272144,139.87432861328125,0.0005074981017969549,0.08244498819112778,2.3381703667585403,1.7975230411246863,0.0,0.5602356057522312,0.08244498819112778,5.033846959378406,0.003369835903868079,1.863051094570135,62.719093322753906,0.055989380925893784,3.7087811442492877
1.19026268471852,0.4329771874097603,0,1.1126468824274196,39.82339750787782,250.61404418945312,0.004337656311690807,0.02506323717534542,1.105577306675132,0.6910982029809636,1.5101601093192585e-05,0.41469157466847334,0.02506323717534542,5.309430396587286,0.0005086918245069683,0.9325666335776991,105.97612762451172,0.02430811896920204,1.54562406983718
1.1368055570684958,0.456,0,0.8241176470588234,39.02311534240462,236.26861572265625,0.004305609967559576,0.03058670088648796,0.9855980891461283,0.662235294117647,1.5083236576174386e-05,0.5288235294117648,0.03058670088648796,5.463899800238578,0.00040450284723192453,0.844326549624125,99.79844665527344,0.03853534907102585,1.2801176470588234
1.159636354087991,0.413381136456588,0,0.8389804345818437,48.22035401556632,249.38229370117188,0.005953150801360607,0.029463523998856544,1.0028924974960713,0.6418898505217885,1.5515954146394506e-05,0.3994175231209679,0.029463523998856544,5.967436246131804,0.0004525509721133858,0.912530582004278,101.56623840332031,0.034939371049404144,1.2523615710384317
1.1417374402135343,0.4635539983068839,0,0.9959966540802753,48.91322037531471,238.29598999023438,0.0063518439419567585,0.038656085729599,1.079257025304716,0.7238494201749552,1.508378772996366e-05,0.7032568967602358,0.038656085729599,5.847816127376597,0.00027933818637393415,0.8603021439369677,98.85256958007812,0.05004911869764328,1.459550652387159
1.2931200663439135,0.442375,0,1.144875,48.8858039042799,240.25180053710938,0.004608226008713245,0.028455661609768867,1.116166067739174,0.6955,1.534693547000643e-05,0.4395,0.028455661609768867,5.766936227341451,0.0003835907846223563,0.9197400515730009,97.3895034790039,0.03458450734615326,1.58725
1.2077576349136758,0.48430769230769233,0,1.1203076923076924,44.94711148604785,255.12112426757812,0.004758455324918032,0.03084537573158741,1.1905997496168417,0.7361538461538462,1.495790002081776e-05,0.6987692307692308,0.03084537573158741,5.517097183107732,0.00048167083878070116,0.9511253674316758,98.64177703857422,0.0407722070813179,1.6046153846153848
1.2613903926460925,0.4596783322328082,0,0.9070367091638669,42.07565115288385,245.156494140625,0.004093213006854057,0.024424424394965172,1.087717264074361,0.6950374783220741,1.5019268175819889e-05,0.4865582347093525,0.024424424394965172,5.544222864379542,0.0004772287211380899,0.9562119425118425,99.64759826660156,0.032987404614686966,1.366715041396675
1.1773971491688275,0.4665714285714286,0,0.923142857142857,39.10499810398414,250.21664428710938,0.005662668030709028,0.02805747091770172,1.1194829868242429,0.7184285714285714,1.5065947081893682e-05,0.7054285714285714,0.02805747091770172,5.338453599795291,0.0004476156900636852,0.9501018417857311,99.54638671875,0.03502104803919792,1.3897142857142855
1.3140900063002743,0.4411404073835492,0,1.6783580266109865,61.46309131719945,219.5860595703125,0.006008549593389034,0.0338844396173954,1.3013300386114746,0.7167307136986606,1.562910620123148e-05,0.4409771429840734,0.0338844396173954,6.451507713923619,0.00027690568822436035,1.063159016126692,95.06560516357422,0.03958453610539436,2.119498433994536
1.2741287176246936,0.4741198160776561,0,1.0453819498433996,55.65795400095831,232.15359497070312,0.004352450370788574,0.032641272991895676,1.1583183726610031,0.7619549523534507,1.5036924196465407e-05,0.42448743863701993,0.032641272991895676,5.840295673650908,0.0005264531937427819,0.8996237477284187,100.39764404296875,0.0384487621486187,1.5195017659210555
1.7594514906666816,0.569941901546675,0,1.8885216298971494,139.2738737617194,237.72776794433594,0.013756955973803997,0.03779343143105507,1.7922118055095038,1.3051150192352987,0.0,0.24525005888356755,0.03779343143105507,7.434454777316563,0.005483912769705057,1.5542412354674326,86.1533432006836,0.03725653514266014,2.4584635314438246
1.0422691503636028,0.3698227959288892,0,1.1737487826767743,53.451245002554394,245.7079620361328,0.00699286162853241,0.0339512899518013,1.015127574669947,0.5518570146460692,0.0022787624038755894,0.46189253184135654,0.0339512899518013,6.279945984187613,6.306766408670228e-06,0.9672608124749431,91.5148696899414,0.03651205450296402,1.5435715786056634
0.8853856646011881,0.49657142857142855,0,1.724,77.12952122525331,253.4120330810547,0.002670017769560218,0.012524581514298916,1.371056695538632,1.038857142857143,0.001972819212824106,0.5445714285714286,0.012524581514298916,6.827211903665403,1.2521523785835598e-05,1.0692785052015779,110.73218536376953,0.023544829338788986,2.2205714285714286
1.041024619155372,0.35644324702025015,0,1.6954017119284053,90.3702242757857,262.0437316894531,0.005656740628182888,0.02458067797124386,1.1744776685484477,0.5653314341767558,0.0020674990955740213,0.5048871927867883,0.02458067797124386,8.004155839271416,5.977830369374715e-06,1.0805156781501535,101.23633575439453,0.03823484480381012,2.0518449589486556
1.0484800001111796,0.37582906194034454,0,1.008508692027419,47.8889873307846,249.56228637695312,0.007139462977647781,0.0320548489689827,1.0037017352950253,0.5654457172852467,0.0017672165995463729,0.5208500586673254,0.0320548489689827,5.8986841373069705,2.4572313122916967e-05,0.9445753324077765,92.86206817626953,0.03503359481692314,1.3843377539677637
1.0774634351628434,0.39348754208186026,0,1.0230676094128368,43.03806714248185,272.311279296875,0.006201803684234619,0.030029980465769768,1.0284433816117446,0.5916266590166978,0.0015061288140714169,0.11665091673065078,0.030029980465769768,5.621945302880863,3.263718826929107e-05,0.9615448350144346,97.58623504638672,0.03279505670070648,1.4165551514946972
1.0482652893057685,0.42460000000000003,0,0.8350000000000001,51.58387899993124,270.66058349609375,0.006525644101202488,0.031914420425891876,1.0048492070824047,0.6236,0.0016829600790515542,0.1466,0.031914420425891876,5.8772196412636815,4.1632440115790814e-05,0.9356820896675857,96.94188690185547,0.03997444361448288,1.2596
0.9946615591755047,0.4384584792710325,0,1.1073768890501374,40.348219072577386,271.48028564453125,0.0037912193220108747,0.020132804289460182,1.0722753952983257,0.7307641321183874,0.0018040522700175643,0.512611808045993,0.020132804289460182,5.287931725351268,5.0581343202793505e-06,0.9021886529082476,106.61775207519531,0.031361326575279236,1.5458353683211699
0.9924793752624341,0.3073333333333333,0,1.307777777777778,63.496684535652435,257.2654724121094,0.005380710121244192,0.020383432507514954,1.005602605433213,0.5893333333333333,0.0016063179355114698,0.20711111111111108,0.020383432507514954,6.4418312336356855,5.401051566877868e-06,0.9291872652614749,105.76864624023438,0.02588868886232376,1.6151111111111112
0.9982480285950425,0.42169230769230776,0,0.9780000000000001,73.07628088673869,236.52279663085938,0.007665290031582117,0.03745884820818901,0.9960934006117714,0.5789230769230769,0.0016422400949522853,0.5067692307692307,0.03745884820818901,7.152666742136669,1.520916248409776e-05,0.906784716816587,90.48848724365234,0.045698121190071106,1.3996923076923078
0.9148382890476884,0.36479905461858214,0,1.3622821839140036,63.05749573975952,257.22381591796875,0.0050324490293860435,0.020445067435503006,1.0817145688679293,0.5874270491038572,0.0016653756611049175,0.11314256393245499,0.020445067435503006,6.7021659574225945,1.7026972273015417e-05,1.0121863505986883,108.07161712646484,0.02858452871441841,1.7270812385325858
1.8635213020092773,0.4509599777396466,0,2.879190279645689,190.9406336083367,210.32818603515625,0.009297325275838375,0.020974785089492798,2.044524123668293,1.0109275147242962,0.0,0.205948615684274,0.020974785089492798,10.139394459389525,0.005589995998889208,2.0994316004264384,92.63623046875,0.018793905153870583,3.330150257385336
1.1810267603467852,0.5323912100107421,0,0.839214193741152,34.27008531393254,251.74502563476562,0.0032949468586593866,0.028252312913537025,1.0896031186800512,0.7846260555314472,0.001355948275886476,0.529567685620585,0.028252312913537025,4.866092610158641,9.885251529340167e-06,0.8227057283669243,94.8519287109375,0.03715549036860466,1.371605403751894
1.3431550361581734,0.6079959648517348,0,1.4821365048182857,17.68665322681719,261.4344482421875,0.0030296610202640295,0.02121790684759617,1.3793370289343827,1.0189200668985106,0.0012920200824737549,0.41950941092144733,0.02121790684759617,3.438965609635791,7.049133273540065e-06,1.0142956729587114,98.59246826171875,0.02881854586303234,2.0901324696700203
1.1727064109406353,0.4852756592354721,0,1.4122525937133328,47.92296150329772,248.22201538085938,0.0031545471865683794,0.02033662423491478,1.2819544100399085,0.9353173439140369,0.0012415337841957808,0.46502037917618727,0.02033662423491478,5.297525778632966,8.530095328751486e-06,0.983890027026454,102.93240356445312,0.024609200656414032,1.897528252948805
1.2488646850466092,0.5161538461538462,0,1.0644615384615386,37.64976999050273,259.4140319824219,0.002422566758468747,0.026723993942141533,1.2039803859105365,0.876,0.0012511385139077902,0.6336923076923078,0.026723993942141533,5.006646578921143,4.484353212319547e-06,0.9302424435509856,95.21710205078125,0.032097190618515015,1.5806153846153848
1.21451284443477,0.5309794478156634,0,1.067135357013282,34.619707089808905,242.9601287841797,0.0028395268600434065,0.02504871040582657,1.2146659273110056,0.8417239931990694,0.0013518639607354999,0.6774889911715954,0.02504871040582657,4.788508669000837,1.0247656973660924e-05,0.9422303548152062,96.56448364257812,0.030435821041464806,1.5981148048289453
1.1575878607672643,0.5256666666666666,0,0.8984999999999999,32.46446907503517,268.4166259765625,0.00312188477255404,0.03073206916451454,1.1523169425356492,0.7775,0.0012247577542439103,0.496,0.03073206916451454,4.860083116408308,7.930050742288586e-06,0.9417270894220353,98.95594024658203,0.03444425389170647,1.4241666666666666
1.2106674336640748,0.546606540051109,0,1.2052126384200397,26.415916254109852,251.60903930664062,0.0030962706077843904,0.01985011249780655,1.2363420626830466,0.8707791746853014,0.0014255098067224026,0.6159975707480203,0.01985011249780655,4.131194200287085,4.823173185286578e-06,0.9193158101393378,99.82081604003906,0.025638433173298836,1.7518191784711488
1.282847196349729,0.5359981993845657,0,1.2346625189803677,24.08313217423177,247.32681274414062,0.0034141812939196825,0.022443754598498344,1.2437913186360745,0.8499230707211866,0.00118932721670717,0.6228127225574114,0.022443754598498344,4.0500013266242085,6.505270448542433e-06,0.9229781620924816,94.88566589355469,0.03021423891186714,1.7706607183649334
1.2281747702007768,0.6197016218976336,0,1.1734775393380719,47.66231538799225,252.33956909179688,0.0027184353675693274,0.025717079639434814,1.280158790918568,0.958367150862011,0.0013147988356649876,0.6404422929628185,0.025717079639434814,5.235111956135194,7.146420557546662e-06,0.91054642163012,97.78665161132812,0.03126925230026245,1.7931791612357055
1.1418874329968016,0.479,0,1.075,28.489696551309994,242.69171142578125,0.003486417233943939,0.021789902821183205,1.1068800221642334,0.766,0.001357703935354948,0.613,0.021789902821183205,4.446297621442642,4.341877684055362e-06,0.8574029471397022,100.13127136230469,0.025045838207006454,1.554
1.5471619399663132,0.4752698030963475,0,1.780770329174808,35.71002087915322,204.6134033203125,0.012054748833179474,0.043607622385025024,1.504590226798846,0.813327822035172,0.0,0.5065898842627385,0.043607622385025024,5.037171936946028,0.004257642198354006,1.4662822102381465,77.77450561523438,0.03403913974761963,2.2560401322711554
1.135862717036513,0.4365118053100639,0,1.3308686996483525,69.7691071403698,241.6868438720703,0.0007718391134403646,0.006957170553505421,1.1851582221135422,0.7466649301356356,0.0004891516873613,0.43117848438052364,0.006957170553505421,6.378309986125726,1.897957372420933e-05,0.9900154398197498,122.4859390258789,0.0075374688021838665,1.7673805049584164
0.9458567551149788,0.49028444370730495,0,1.1364541977215479,296.78376401909173,266.24139404296875,0.0006800956325605512,0.007151550613343716,1.1580019530452388,0.7961122225792742,0.0003283283731434494,0.0006857125086815455,0.007151550613343716,9.446768188341451,5.0740334700094536e-05,0.9351573473826043,128.88760375976562,0.007094576954841614,1.6267386414288527
0.6836529738160102,0.15911057660006178,0,0.8432564264502344,3484.5400429410206,235.50936889648438,0.0006935019628144801,0.017866455018520355,0.8323800672079157,0.5416278101022588,0.0005637510330416262,0.0017777718055872827,0.017866455018520355,54.15854776168994,6.597413175768452e-06,1.0819732396694985,122.34674072265625,0.0250024925917387,1.0023670030502962
0.9645950420670721,0.4099360137207691,0,0.9013259012500412,145.04258320426342,270.7750549316406,0.0006935975980013609,0.006389340851455927,1.0082208266430233,0.6298129885550314,0.0004100376390852034,0.0007272667304330617,0.006389340851455927,8.210013869785048,1.5240586435538717e-05,0.9167150173675509,130.70785522460938,0.006679025012999773,1.3112619149708102
0.9093542295432409,0.3997203873292298,0,1.3263323825251463,1386.7633976755885,269.04974365234375,0.0006613802979700267,0.010073275305330753,1.1762193855550651,0.7263380123104639,0.0006328742019832134,0.0013792974027923735,0.010073275305330753,25.18824302828324,3.5134562494931743e-06,1.022599664893368,128.00015258789062,0.007843534462153912,1.7260527698543762
1.1163943228811037,0.42786971583727346,0,1.9334136978605871,1027.7422727068795,264.49346923828125,0.00045376637717708945,0.006808093283325434,1.3802944308012148,1.1388353775572302,0.0003999377368018031,0.0007741912831796263,0.006808093283325434,20.637558464917788,1.3987593774800189e-05,1.0829220544776201,130.7489013671875,0.0059210010804235935,2.36128341369786
0.8949137138746519,0.43767613875754874,0,1.0867064978231356,1794.9447843206467,254.5093994140625,0.0008057214436121285,0.011986036784946918,1.1059056203735087,0.695997963578484,0.00047326573985628784,0.0007741912831796263,0.011986036784946918,31.201598488885484,8.35119226394454e-06,0.9735460691637091,123.68072509765625,0.011672678403556347,1.5243826365806843
0.6674961945723059,0.006967721548616637,0,1.4565118674219368,4765.588118319055,201.65631103515625,0.00042060078703798354,0.03637934848666191,0.9487455488482116,0.4916114648190627,0.0007537604542449117,0.0007741912831796263,0.03637934848666191,64.1603886211618,1.8937012100650463e-06,1.07591058105899,113.60047912597656,0.04194662719964981,1.4634795889705536
1.0346868186351288,0.46379379314194286,0,1.1647152399203677,491.09334758408903,266.7568359375,0.0007446561357937753,0.010408619418740273,1.1927507842437208,0.8250237222542655,0.0010779587319120765,0.0008205109122369622,0.010408619418740273,13.381629228679387,3.828683929896215e-06,0.9958608169394509,121.04173278808594,0.008241158910095692,1.6285090330623107
0.9698272015418021,0.4694459025504848,0,1.0714872938924225,673.2349041977144,239.56182861328125,0.0009519902523607016,0.0107754310593009,1.1415383414048796,0.7892750725622183,0.0004883339279331267,0.001021274624837893,0.0107754310593009,15.31478430678931,6.656549430772429e-06,0.9916285055693101,117.49044036865234,0.011113975197076797,1.5409331964429074
1.644802650266412,0.34311825667234525,0,2.1691404031800117,83.55877129048089,223.3846435546875,0.013919785618782043,0.05052739754319191,1.596845861225971,0.6039785633162976,0.0,0.4547664679159568,0.05052739754319191,7.978157010738631,0.004730677232146263,1.7682332198039146,87.53972625732422,0.05969536304473877,2.512258659852357
1.1503737517524995,0.244,0,2.3845714285714283,87.03350356200309,215.96502685546875,0.0028655582573264837,0.010022198781371117,1.5563772686739188,1.8702857142857143,0.0005419925437308848,0.11257142857142857,0.010022198781371117,7.329059132081386,6.563707302120747e-06,1.1854383183334865,126.25853729248047,0.009556159377098083,2.6285714285714286
1.2407206457005835,0.6693278142418945,0,2.2123453939773734,66.99040358089697,240.06427001953125,0.0005484817083925009,0.0036203654017299414,1.8362802216503398,2.095013028134173,0.0005814740434288979,0.06012071638246643,0.0036203654017299414,4.984231159675181,7.334374458878301e-06,1.1211832278122684,144.08277893066406,0.0029160119593143463,2.8816732082192678
1.2839430703081463,0.48026376257739933,0,2.3709189967105258,52.03770485731537,243.83103942871094,0.0017328085377812386,0.00665029464289546,1.7477695315840458,2.0389210042569657,0.0005776362377218902,0.05999963719040247,0.00665029464289546,5.450423733271185,9.269770089304075e-06,1.170734027576434,133.021240234375,0.009078442119061947,2.8511827592879255
1.3269135320621155,0.3775107371889157,0,2.3145775725127966,83.15950742211376,237.3102264404297,0.0016958406195044518,0.008774271234869957,1.6303641334616112,1.9054994999117492,0.0005825498374179006,0.12951256104018355,0.008774271234869957,6.535070938612652,7.008144621067913e-06,1.1551263661151068,126.56995391845703,0.008366832509636879,2.6920883097017123
0.8361240524080197,0.2544728931273971,0,1.1954130817870838,63.98642193754058,247.260986328125,0.008122114464640617,0.02214239165186882,0.9352661593410174,0.5439929511765315,0.0006371931522153318,0.391994920700736,0.02214239165186882,6.8139340472529994,5.70604561289656e-06,0.8869348905947223,115.1200180053711,0.022448405623435974,1.449885974914481
0.9556938097041142,0.3362646333204334,0,1.005860584365325,83.04327717854031,250.4850311279297,0.008324929513037205,0.0334729328751564,0.9541818407436542,0.5762631820820433,0.0006441121804527938,0.45413058726780187,0.0334729328751564,7.1595550048298735,4.953152711095754e-06,0.8741409999334377,102.74434661865234,0.03199584782123566,1.3421252176857583
1.1690078579950696,0.4414799983875085,0,1.7365867587578439,35.0862660941715,286.42791748046875,0.004407849162817001,0.02023705467581749,1.2773349240598648,0.8859229497843292,0.0006280826055444777,0.10874037544175545,0.02023705467581749,4.609320004098581,2.7666177629726008e-05,1.027034119916194,112.7940444946289,0.01980811543762684,2.1780667571453525
0.9497250784391741,0.34475,0,1.00725,28.559370383479504,270.12164306640625,0.0038784751668572426,0.019522933289408684,0.9157363720817737,0.67925,0.0005491882329806685,0.6255,0.019522933289408684,4.480862958122426,9.187498108076397e-06,0.7671164795981645,112.26496124267578,0.018946416676044464,1.352
0.8563625143506857,0.3301036872959193,0,0.964626973973152,56.799864186144134,277.65167236328125,0.006559607107192278,0.027226034551858902,0.954159272542774,0.581891958983368,0.0005756202153861523,0.11199946533254405,0.027226034551858902,6.227046944000887,4.32575870945584e-06,0.8952248928963623,111.8644027709961,0.022435327991843224,1.2947306612690714
1.0162318266685617,0.21257142857142855,0,1.684,152.46267404005212,249.40907287597656,0.0056062559597194195,0.016362709924578667,1.0484907544087825,0.4462857142857143,0.0006294259219430387,0.11171428571428571,0.016362709924578667,9.736007977590928,7.162062502175104e-06,1.0419561299875557,120.41214752197266,0.01426009088754654,1.8965714285714284
1.378637061242909,0.34399148260111656,0,0.9872117654846754,102.88561544237548,242.456298828125,0.016429224982857704,0.057313255965709686,1.1837999968747352,0.6229473289348839,0.0,0.2927414550188663,0.057313255965709686,8.327688773966635,0.004448466468602419,1.3667915403445179,87.98042297363281,0.05138527974486351,1.331203248085792
1.3607490853424398,0.34840622848130787,0,0.3854672471623092,103.51202363139404,223.4202880859375,0.005855394992977381,0.03526971489191055,0.8663374504642138,0.43607921099980007,0.006157116964459419,0.0,0.03526971489191055,8.656711169738632,2.4422186015726766e-06,0.9726365418200443,84.33219146728516,0.05029989778995514,0.733873475643617
1.3684471682536261,0.3375312635089236,0,1.0471469153337862,87.76521365203075,217.57241821289062,0.004983414430171251,0.03131027892231941,1.0192715965797308,0.48221183536095846,0.0058003077283501625,0.0,0.03131027892231941,7.9016719210548985,1.0754228242149111e-05,1.0708770247478956,83.16051483154297,0.03848261013627052,1.3846781788427096
1.4555667203840996,0.35705924165352404,0,1.517705857526822,55.964943610031284,236.55410766601562,0.00738944485783577,0.03546825051307678,1.1912148039927828,0.5390990470690153,0.005602358840405941,0.0,0.03546825051307678,6.253144543918656,1.0509236744837835e-05,1.1933318268458508,85.63395690917969,0.04109107330441475,1.8747650991803462
1.3808618553904326,0.3885084502025146,0,0.4996355396651583,60.80078720482382,217.38815307617188,0.006950719747692347,0.04460340738296509,0.9235445870125935,0.5165082391123659,0.0058672139421105385,0.4239993007638825,0.04460340738296509,6.798673868797696,1.8084606381307822e-06,0.9689570991421478,80.9092025756836,0.0677395910024643,0.8881439898676728
1.4362320740260097,0.3871976586687306,0,1.9297661087461297,129.46359705382866,208.71942138671875,0.005506965331733227,0.042090922594070435,1.2090028676481288,0.5093302534829721,0.006001763977110386,0.4024864551083591,0.042090922594070435,9.716796097428643,1.3785818737233058e-05,1.207688038188795,79.82659149169922,0.05574938654899597,2.3169637674148604
1.3263956677984132,0.3595772308044835,0,0.7110141495923161,138.32476984675552,215.69900512695312,0.007855182513594627,0.043727025389671326,0.9415717067520609,0.46133113101262196,0.006121007725596428,0.4279277817029158,0.043727025389671326,9.508431509513256,1.1636509952950291e-05,1.0164140376518693,77.5996322631836,0.05885934457182884,1.0705913803967997
1.3034678615540334,0.38181713236547143,0,0.8940581486754656,67.37623784069143,226.32289123535156,0.011101851239800453,0.05611121654510498,1.0679123718969978,0.5530893888836971,0.005958362482488155,0.0,0.05611121654510498,7.024942294951874,2.087147549900692e-05,1.0929920457530846,78.57513427734375,0.06593836843967438,1.275875281040937
1.3695636751305649,0.388,0,0.6494545454545455,59.20143529359458,232.8539581298828,0.006573095917701721,0.03665326535701752,0.966953662097998,0.558,0.00614303769543767,0.0,0.03665326535701752,6.708322568106296,4.1596490518713836e-06,0.9990874926077429,82.5639877319336,0.051084861159324646,1.0374545454545454
1.3616502733811435,0.36309090909090913,0,0.5570909090909091,62.018473538344665,235.9195556640625,0.005775222554802895,0.03116374835371971,0.8674658843636094,0.5396363636363636,0.006016443949192762,0.0,0.03116374835371971,6.48290671185518,4.12502549806959e-06,0.8869986553766388,85.28827667236328,0.042330872267484665,0.9201818181818182
1.337294636166353,0.373130159773278,0,0.5369029038485235,85.57035134144002,223.4678955078125,0.007096491288393736,0.04495368152856827,0.9236803269872677,0.4854314699963035,0.005834400653839111,0.3932055284018565,0.04495368152856827,7.948991201382024,1.1666627869999502e-05,0.998649756809369,81.57466888427734,0.057093191891908646,0.9100330636218015
0.8746461923902205,0.6304444444444445,0,0.7306666666666666,22.324581202689213,252.3677978515625,0.006547544617205858,0.050353314727544785,1.1085386588548203,0.8893333333333333,0.0040124631486833096,0.0,0.050353314727544785,4.0144218768898075,2.678996679605916e-06,0.79894440995855,92.19651794433594,0.07643140107393265,1.3611111111111112
0.879041638588044,0.5248,0,1.0381999999999998,33.07508763527805,271.3448486328125,0.0070582726038992405,0.04059946537017822,1.1121263866326567,0.7886,0.003919200971722603,0.0,0.04059946537017822,4.706393207267975,3.762607775570359e-06,0.8804614210913879,95.2225570678711,0.0532010942697525,1.563
1.0596660881883952,0.45599834558423374,0,1.550554374405898,68.94696122932243,253.2742919921875,0.007366500794887543,0.051132939755916595,1.2943263975431405,0.9732764688382083,0.003533116774633527,0.005119981424103677,0.051132939755916595,5.775792706675778,1.528337975287286e-06,1.0384792939480005,91.15019226074219,0.058077339082956314,2.0065527199901316
0.8964077854965578,0.4343506237128253,0,0.6694081931002103,40.11646038676914,242.85108947753906,0.01007651723921299,0.059877850115299225,0.9991636521457652,0.6865845720444335,0.0036441150587052107,0.6082320489153052,0.059877850115299225,5.455735756947809,2.0149818737991154e-05,0.9142482751710208,90.18128204345703,0.08325407654047012,1.1037588168130354
0.9016302840424406,0.4798074514309408,0,0.7599967174313035,27.899421925375304,260.9983825683594,0.006004816386848688,0.0483965128660202,0.9898281677277395,0.7239968729213997,0.0033470888156443834,0.0,0.0483965128660202,4.4756931727347435,1.7942758177014184e-06,0.8270355865689072,91.32312774658203,0.06776294857263565,1.2398041688622443
0.8761180130147902,0.5255968217879257,0,1.0170605166408666,22.13260981369614,260.552490234375,0.00896973256021738,0.04706782102584839,1.14570003132775,0.8911946110681114,0.0032632022630423307,0.13119920665634674,0.04706782102584839,3.883019508842288,2.358902065680013e-06,0.8955327619588956,97.38617706298828,0.06315288692712784,1.5426573384287925
0.9501259469057151,0.5497777777777777,0,0.9166666666666666,30.112123706133872,251.26803588867188,0.006608023773878813,0.04566911235451698,1.1506411127165406,0.8062222222222222,0.0036066279280930758,0.6346666666666666,0.04566911235451698,4.537855746051451,3.448334155109478e-06,0.9315065125129524,91.16194915771484,0.06347542256116867,1.4664444444444444
0.8865451590080632,0.45183508206713396,0,0.9846292829465801,64.47477476121024,245.32461547851562,0.003499710001051426,0.027223460376262665,1.0964351565081487,0.8438308154469067,0.0033422422129660845,0.5676738212373199,0.027223460376262665,6.629491705062599,2.8546494377224008e-06,0.9289572587971741,100.07674407958984,0.04614005982875824,1.436464365013714
0.9272742515627783,0.395577058947087,0,1.4378878725963833,99.22955797496431,258.078857421875,0.006317627616226673,0.03677988797426224,1.254658983896909,0.8395749393725295,0.005037972237914801,0.0,0.03677988797426224,6.071033183499676,5.227460405876627e-06,1.0932283233372735,94.58450317382812,0.043662309646606445,1.8334649315434701
0.9436613606530324,0.5094545454545455,0,1.018,59.223223098826104,235.92990112304688,0.007626842241734266,0.05205617845058441,1.119145426722402,0.764,0.003933780826628208,0.6243636363636363,0.05205617845058441,5.887021357979508,3.0391145173780387e-06,0.9078880288041787,85.7834701538086,0.07063330709934235,1.5274545454545454
2.570447923463542,0.9972435288136342,0,3.5386060699838637,36.714622208535005,135.472900390625,0.0003097808512393385,0.0497959665954113,3.120963202982674,3.4178905369261035,0.0,0.3855423417847432,0.0497959665954113,4.341371006150332,0.00426248274743557,2.061403047806219,69.64579772949219,0.030006246641278267,4.535849598797498
0.8627135874064791,0.29082197774054824,0,1.280463756362511,41.21903076004145,280.99066162109375,0.007244660519063473,0.01914718933403492,0.9568308621174482,0.6376436566965096,0.002196449786424637,0.09388185203760416,0.01914718933403492,5.283685950179905,1.0696462595660705e-05,0.8441279298898468,110.59254455566406,0.019107859581708908,1.5712857341030593
0.751343889782662,0.24193739899073186,0,0.7614482667634156,122.0336591007982,285.1784362792969,0.006887693889439106,0.016473226249217987,0.8088113765789994,0.4770869751640885,0.0022843745537102222,0.18714997196477456,0.016473226249217987,8.739894258933813,3.1710533221485093e-06,0.8170990725453853,113.89895629882812,0.014536057598888874,1.0033856657541476
0.8169923724009667,0.28550938467492254,0,1.0343048568111455,55.328499811956355,288.1520690917969,0.010191698558628559,0.023221349343657494,0.874910322885022,0.5631965944272446,0.002189772902056575,0.175110052244582,0.023221349343657494,6.044594676422614,9.73621445155004e-06,0.7835730254607219,107.49211120605469,0.016748979687690735,1.319814241486068
0.8380756904154099,0.29279822948916406,0,1.1845261706656347,63.60037809194226,292.15325927734375,0.0060837166383862495,0.015509990975260735,0.907123359143795,0.5898630998452012,0.0022232350893318653,0.0885327979876161,0.015509990975260735,6.310810079491409,1.0029658369603567e-05,0.8053926352939031,114.884521484375,0.014331688173115253,1.4773244001547987
0.7183270309963312,0.2670959926969711,0,0.940642409063246,45.788548131231586,296.141357421875,0.00500198220834136,0.01356540434062481,0.8453023009654864,0.5674822105706661,0.0018542483448982239,0.08619329619399839,0.01356540434062481,5.558866554206118,3.472691332717659e-06,0.7716605078987391,119.5160903930664,0.013919103890657425,1.207738401760217
0.8583889633492593,0.2832936138124338,0,1.1719194843813359,53.32910261166766,296.277099609375,0.0046945177018642426,0.013097131624817848,0.9182517473718645,0.5654891903620286,0.00156908028293401,0.0,0.013097131624817848,5.915027544023384,6.687193945253966e-06,0.8580711387921915,116.52793884277344,0.011901249177753925,1.4552130981937696
0.896370025727856,0.26291698535035596,0,1.3249632288050834,108.10193200897346,264.1387939453125,0.007765055168420076,0.01726613938808441,0.906396215363577,0.47891539683473555,0.002246192889288068,0.18356621756780608,0.01726613938808441,8.641223307646609,1.15951670522918e-05,0.8748865230554582,109.34931182861328,0.015664005652070045,1.5878802141554393
0.8317343436045176,0.2656829421986289,0,1.3220989516698807,62.267252100836565,267.1192626953125,0.006206150632351637,0.015157745219767094,0.9273830135186997,0.5414710993144799,0.0018610755214467645,0.09178903549810002,0.015157745219767094,6.522613092492405,6.803632913943147e-06,0.8738214945413599,113.00960540771484,0.015765298157930374,1.5877818938685098
0.8125551442384977,0.30260000000000004,0,0.7252,45.83531879831509,284.6937255859375,0.005650837440043688,0.016076112166047096,0.8056378744733677,0.5162,0.0018001514254137874,0.3844,0.016076112166047096,5.6842396957243695,3.5411126191320363e-06,0.7547817178966766,112.32084655761719,0.015697255730628967,1.0278
0.8307473050775974,0.2782973352683258,0,0.8730195917989255,74.34480545841606,278.5275573730469,0.008409772999584675,0.020130746066570282,0.8536803517567223,0.49565861792132404,0.0016674438957124949,0.0828934570493423,0.020130746066570282,7.0656633483243105,5.037810751673533e-06,0.8360897486678838,110.6696548461914,0.016356805339455605,1.1513169270672512
2.5896889841043995,0.7884499272985713,0,3.7566389770941595,33.90870147540185,122.55797576904297,0.00032381847267970443,0.07138794660568237,2.727018419332002,2.2882875716418782,9.673142812971491e-06,0.3900555530198804,0.07138794660568237,4.431393443035094,0.003588557941839099,2.0127641853039955,63.31144714355469,0.039712920784950256,4.545088904392731
